{"cameraMode":{"drawMode":0,"name":"Shaded","section":"Shading Mode"},"sceneLighting":false,"audioPlay":false,"sceneViewState":{"m_AlwaysRefresh":false,"showFog":true,"showSkybox":true,"showFlares":true,"showImageEffects":true,"showParticleSystems":true,"showVisualEffectGraphs":true,"m_FxEnabled":true},"in2DMode":false,"pivot":{"x":-0.34665513038635256,"y":0.15845102071762086,"z":2.607881784439087},"rotation":{"x":-0.02109987661242485,"y":0.9789053201675415,"z":-0.14344635605812074,"w":-0.14404834806919099},"size":0.4905208349227905,"orthographic":false}